Rank,University,Type,GPA_Range,SAT_Range,ACT_Range,Early_Decision,Early_Action,Application_Fee,Acceptance_Rate,Average_Aid,Need_Blind,Merit_Aid,Special_Programs,Notable_Strengths
1,Princeton University,Research,3.90-4.00,1450-1570,33-35,Yes,No,75,0.04,57000,Yes,No,Bridge Year;Research Scholars,Leadership;Research
1,Williams College,LAC,3.94-4.00,1500-1560,34-35,Yes,No,65,0.08,62000,Yes,No,Tutorial System;Oxford Exchange,Humanities;Research
2,MIT,Research,3.95-4.00,1510-1580,34-36,No,Yes,75,0.07,53000,Yes,No,UROP;MITES,STEM;Research
2,Amherst College,LAC,3.94-4.00,1480-1570,33-35,Yes,No,65,0.09,64000,Yes,No,Open Curriculum;Five College Cons.,Liberal Arts;Research
3,Harvard University,Research,3.90-4.00,1460-1580,33-36,Yes,Yes,75,0.04,55000,Yes,No,SHARP;Research Programs,Leadership;Research
3,Swarthmore College,LAC,3.95-4.00,1490-1560,33-35,Yes,No,60,0.07,58000,Yes,No,Honors Program;Tri-College Cons.,Engineering;Social Sciences
4,Stanford University,Research,3.95-4.00,1440-1570,32-35,Yes,No,90,0.04,54000,Yes,Limited,Stanford Institutes,Innovation;Research
4,Pomona College,LAC,3.95-4.00,1490-1560,33-35,Yes,No,70,0.07,56000,Yes,No,Claremont Consortium;Research,Economics;Psychology
5,Yale University,Research,3.90-4.00,1460-1570,33-35,Yes,Yes,80,0.05,56000,Yes,No,Directed Studies,Humanities;Arts
5,Bowdoin College,LAC,3.92-4.00,1470-1550,33-35,Yes,No,65,0.07,54000,Yes,No,Coastal Studies;Arctic Museum,Government;Environmental
6,University of Pennsylvania,Research,3.85-4.00,1450-1560,33-35,Yes,No,75,0.07,54000,Yes,Limited,Wharton;Nursing,Business;Research
6,Wellesley College,LAC,3.90-4.00,1460-1560,33-35,Yes,No,50,0.14,52000,Yes,No,Seven Sisters;MIT Exchange,Economics;Arts
7,California Institute of Technology,Research,3.90-4.00,1530-1580,35-36,Yes,No,75,0.06,52000,Yes,No,SURF Program,STEM;Research
7,Claremont McKenna College,LAC,3.94-4.00,1470-1550,33-35,Yes,No,70,0.09,51000,Yes,Limited,Leadership Institutes;Consortium,Business;Govt
8,Duke University,Research,3.85-4.00,1440-1570,33-35,Yes,No,85,0.06,53000,Yes,Limited,Focus Program,Research;Medicine
8,Middlebury College,LAC,3.90-4.00,1450-1530,33-35,Yes,No,65,0.11,53000,Yes,No,Language Schools;Bread Loaf,Languages;Environmental
9,Brown University,Research,3.90-4.00,1440-1560,33-35,Yes,No,75,0.06,52000,Yes,No,Open Curriculum,Liberal Arts;Research
9,Washington and Lee University,LAC,3.85-4.00,1450-1530,33-34,Yes,No,60,0.14,55000,Yes,Yes,Johnson Scholarship;Honor System,Business;Law
10,Northwestern University,Research,3.85-4.00,1430-1550,33-35,Yes,No,75,0.07,51000,Yes,Limited,Co-op Programs,Journalism;Arts
10,Carleton College,LAC,3.90-4.00,1420-1540,32-34,Yes,No,70,0.20,49000,Yes,Limited,Off-Campus Studies;Writing,STEM;Research
11,Johns Hopkins University,Research,3.90-4.00,1470-1560,33-35,Yes,No,70,0.09,50000,Yes,Limited,Research Programs,Medicine;Research
11,Harvey Mudd College,LAC,3.96-4.00,1500-1580,34-36,Yes,No,70,0.13,42000,Yes,Limited,Clinic Program;Engineering,STEM;Engineering
12,Columbia University,Research,3.85-4.00,1450-1560,33-35,Yes,No,85,0.05,55000,Yes,No,Core Curriculum,Liberal Arts;Research
12,Barnard College,LAC,3.92-4.00,1450-1540,32-35,Yes,No,75,0.08,50000,No,No,Columbia University Exchange,Women's Studies;Arts
13,University of Chicago,Research,3.85-4.00,1470-1570,33-35,Yes,No,75,0.06,54000,Yes,Limited,Uncommon Core,Economics;Research
13,Haverford College,LAC,3.90-4.00,1470-1540,33-35,Yes,No,65,0.12,53000,Yes,No,Tri-College Consortium;Honor Code,Research;Bio
14,UC Berkeley,Research,3.89-4.00,1330-1530,29-34,No,No,70,0.15,45000,No,No,Research Programs,STEM;Research
14,Wesleyan University,LAC,3.85-4.00,1300-1500,31-34,Yes,No,65,0.16,51000,Yes,No,College of Letters;Open Curr.,Social Sciences;Arts
15,UCLA,Research,3.85-4.00,1300-1530,29-34,No,No,70,0.11,43000,No,No,Honors Program,Arts;Research
15,Dartmouth College,Research,3.90-4.00,1500-1580,33-35,Yes,No,80,0.05,66480,Yes,No,D-Plan;ASURE Research,Economics;Government
15,Hamilton College,LAC,3.88-4.00,1460-1530,33-35,Yes,No,60,0.14,52000,Yes,No,Writing Center;Public Speaking,Writing;Economics
16,Carnegie Mellon University,Research,3.85-4.00,1460-1560,33-35,Yes,No,75,0.15,49000,Yes,Limited,SCS Programs,Computer Science;Arts
16,Davidson College,LAC,3.88-4.00,1410-1520,31-34,Yes,No,50,0.13,48000,Yes,Limited,The Davidson Trust;Honor Code,Pre-Med;English
17,Vanderbilt University,Research,3.80-4.00,1470-1570,33-35,Yes,No,85,0.07,52000,Yes,Limited,Opportunity Vanderbilt,Research;Medicine
17,Vassar College,LAC,3.85-4.00,1460-1520,32-34,Yes,No,70,0.19,54000,Yes,No,Exploring Transfer;Research,Arts;Humanities
18,Rice University,Research,3.85-4.00,1460-1560,33-35,Yes,No,75,0.09,47000,Yes,Limited,Residential Colleges,Engineering;Research
18,Colby College,LAC,3.85-4.00,1440-1530,32-35,Yes,No,65,0.07,57000,Yes,No,Jan Plan;Davis Scholars,Environmental;Govt
19,Washington University in St. Louis,Research,3.85-4.00,1470-1570,33-35,Yes,No,75,0.13,51000,Yes,Limited,WashU Pledge,Medicine;Research
19,Colgate University,LAC,3.85-4.00,1430-1540,32-35,Yes,No,60,0.12,51000,Yes,Limited,Extended Study;Research,Business;Natural Sci
20,Cornell University,Research,3.80-4.00,1400-1540,32-34,Yes,No,80,0.11,50000,Yes,Limited,College Specific,Engineering;Agriculture
20,Bates College,LAC,3.85-4.00,1400-1520,32-34,Yes,No,60,0.13,53000,Yes,No,Short Term;Bates Center,Social Sciences;Arts
21,University of Michigan,Research,3.75-4.00,1340-1520,31-34,No,Yes,75,0.2,43000,No,Yes,Ross School Programs,Business;Engineering
21,Grinnell College,LAC,3.90-4.00,1420-1530,32-35,Yes,No,30,0.11,51000,Yes,Limited,Mentored Research;Open Curr.,Social Justice;STEM
22,USC,Research,3.75-4.00,1360-1530,31-34,Yes,No,85,0.11,45000,No,Yes,Cinema School,Film;Business
22,University of Richmond,LAC,3.82-4.00,1410-1530,33-35,Yes,Yes,50,0.22,47000,Yes,Yes,Richmond Scholars;Study Abroad,Business;Govt
23,Georgetown University,Research,3.80-4.00,1380-1530,32-34,Yes,No,75,0.14,48000,Yes,Limited,SFS Program,International Relations
23,Smith College,LAC,3.85-4.00,1400-1520,32-35,Yes,No,65,0.22,50000,Yes,No,Praxis Program;Engineering,Arts;Women's Studies
24,University of Virginia,Research,3.75-4.00,1340-1500,31-34,Yes,No,70,0.21,42000,Yes,Yes,Jefferson Scholars,Liberal Arts
24,Macalester College,LAC,3.80-4.00,1370-1520,31-34,Yes,Yes,40,0.28,45000,Yes,Limited,Civic Engagement;Global Hub,Intl Relations;Stats
25,UC San Diego,Research,3.80-4.00,1280-1480,28-34,No,No,70,0.3,40000,No,No,College System,STEM;Research
25,College of the Holy Cross,LAC,3.75-4.00,1340-1490,30-33,Yes,No,60,0.21,46000,Yes,Limited,Washington Semester;Montserrat,History;Pre-Med
26,UC Davis,Research,3.75-4.00,1270-1470,28-34,No,No,70,0.35,38000,No,No,Agricultural Programs,Agriculture;Research
26,Bryn Mawr College,LAC,3.80-4.00,1340-1520,30-34,Yes,No,50,0.30,48000,Yes,No,Bi-Co Cons.;360 Program,Archaeology;Math
27,University of Florida,Research,3.75-4.00,1330-1470,30-34,No,Yes,30,0.31,35000,No,Yes,Honors Program,Research;Sports
27,Bucknell University,LAC,3.75-4.00,1310-1480,30-33,Yes,No,75,0.32,44000,No,Yes,Management School;Eng. Proj.,Engineering;Business
28,Wake Forest University,Research,3.75-4.00,1320-1470,30-33,Yes,No,85,0.25,44000,No,Yes,Test-Optional Pioneer,Liberal Arts
28,Lafayette College,LAC,3.75-4.00,1330-1500,30-33,Yes,No,65,0.30,43000,No,Yes,EXCEL Research;Engineering,Engineering;Econ
29,UNC Chapel Hill,Research,3.75-4.00,1320-1490,29-33,Yes,No,85,0.2,39000,No,Yes,Morehead-Cain,Research;Public Health
29,Pitzer College,LAC,3.80-4.00,1380-1500,31-34,Yes,No,70,0.18,49000,Yes,No,Social Justice;Study Abroad,Environmental;Social Sci
30,Tufts University,Research,3.80-4.00,1420-1540,32-34,Yes,No,75,0.11,48000,Yes,Limited,SMFA Combined,International Relations
30,Colorado College,LAC,3.80-4.00,1240-1440,29-33,Yes,No,65,0.18,52000,Yes,No,Block Plan;Field Study,Environmental;Geology
31,NYU,Research,3.70-4.00,1370-1510,31-34,Yes,No,80,0.13,47000,No,Limited,Global Programs,Arts;Business
32,UC Santa Barbara,Research,3.75-4.00,1270-1460,27-33,No,No,70,0.3,38000,No,No,CCS Program,Research;Environmental
33,University of Rochester,Research,3.70-4.00,1330-1500,30-34,Yes,No,50,0.3,45000,Yes,Yes,Rochester Curriculum,Music;Engineering
34,Boston College,Research,3.75-4.00,1380-1490,32-34,Yes,No,80,0.27,44000,No,Limited,PULSE Program,Liberal Arts
35,University of Wisconsin-Madison,Research,3.70-4.00,1300-1480,28-32,No,Yes,60,0.54,35000,No,Yes,FIG Program,Research;Business
36,UIUC,Research,3.70-4.00,1320-1500,29-34,No,Yes,75,0.59,36000,No,Yes,Engineering Programs,Engineering;Computer Science
37,Georgia Tech,Research,3.75-4.00,1370-1530,31-35,Yes,No,75,0.21,38000,No,Yes,Co-op Program,Engineering;Computing
38,Boston University,Research,3.70-4.00,1340-1480,30-34,Yes,No,80,0.19,45000,No,Limited,Kilachand Honors,Research;Business
39,Brandeis University,Research,3.70-4.00,1350-1500,31-34,Yes,No,80,0.3,46000,No,Yes,Social Justice;Research
40,Case Western Reserve,Research,3.75-4.00,1350-1520,31-34,Yes,Yes,70,0.27,44000,No,Yes,Research Programs,Engineering;Medicine
41,William & Mary,Research,3.70-4.00,1320-1490,30-34,Yes,No,75,0.37,34000,No,Yes,Joint Degree,Liberal Arts;Government
42,Northeastern University,Research,3.70-4.00,1390-1540,32-35,Yes,No,75,0.18,43000,No,Limited,Co-op Program,Experiential Learning
43,Tulane University,Research,3.65-4.00,1340-1500,30-33,Yes,No,75,0.1,45000,No,Yes,Public Service,Business;Medicine
44,University of Georgia,Research,3.70-4.00,1280-1460,29-33,No,Yes,70,0.45,33000,No,Yes,Honors Program,Journalism;Business
45,University of Illinois-Chicago,Research,3.60-4.00,1130-1350,23-29,No,Yes,60,0.73,32000,No,Yes,Guaranteed Professional,Medicine;Engineering
46,UT Austin,Research,3.70-4.00,1230-1480,27-33,No,No,75,0.32,36000,No,Yes,Plan II Honors,Engineering;Business
47,University of Washington,Research,3.70-4.00,1240-1440,27-33,No,No,80,0.56,34000,No,Yes,Direct Admission,Computer Science;Medicine
48,Lehigh University,Research,3.70-4.00,1280-1450,29-33,Yes,No,70,0.32,45000,No,Yes,IBE Program,Engineering;Business
49,Pepperdine University,Research,3.65-4.00,1230-1450,27-32,Yes,No,65,0.42,42000,No,Yes,International Programs,Business;Law
50,Villanova University,Research,3.70-4.00,1320-1470,30-33,Yes,No,80,0.31,43000,No,Yes,Presidential Scholars,Business;Engineering
51,Rensselaer Polytechnic Institute,Research,3.65-4.00,1300-1490,29-33,Yes,No,75,0.47,41000,No,Yes,Arch Program,Engineering;Technology
52,University of Miami,Research,3.60-4.00,1270-1440,29-32,Yes,No,70,0.27,42000,No,Yes,Marine Science,Medicine;Marine Science
53,Ohio State University,Research,3.60-4.00,1260-1450,28-32,No,Yes,60,0.54,32000,No,Yes,Scholars Program,Research;Athletics
54,Penn State University,Research,3.55-4.00,1200-1400,26-31,No,Yes,65,0.56,34000,No,Yes,2+2 Program,Engineering;Business
55,Purdue University,Research,3.65-4.00,1190-1440,26-32,No,Yes,60,0.6,33000,No,Yes,Co-op Programs,Engineering;Agriculture
56,Rutgers University,Research,3.60-4.00,1210-1430,25-31,No,Yes,70,0.61,31000,No,Yes,Honors College,Research;Business
57,Syracuse University,Research,3.60-4.00,1180-1380,26-30,Yes,No,75,0.44,40000,No,Yes,Maxwell School,Communications;Architecture
58,University of Pittsburgh,Research,3.65-4.00,1260-1440,28-32,No,Yes,55,0.57,33000,No,Yes,Guaranteed Health,Medicine;Engineering
59,University of Maryland,Research,3.65-4.00,1280-1470,29-33,Yes,No,75,0.44,34000,No,Yes,Banneker/Key,Engineering;Computer Science
60,Worcester Polytechnic Institute,Research,3.70-4.00,1290-1460,29-33,Yes,No,70,0.49,42000,No,Yes,Project-Based,Engineering;Technology
61,George Washington University,Research,3.60-4.00,1280-1470,29-33,Yes,No,80,0.41,41000,No,Yes,Politics & Values,International Affairs
62,Southern Methodist University,Research,3.60-4.00,1250-1450,28-32,Yes,No,60,0.47,40000,No,Yes,Hunt Leadership,Business;Arts
63,University of Connecticut,Research,3.60-4.00,1190-1390,27-32,No,Yes,80,0.49,33000,No,Yes,Honors Program,Business;Engineering
64,University of Massachusetts-Amherst,Research,3.60-4.00,1200-1390,27-32,No,Yes,85,0.64,32000,No,Yes,Commonwealth Honors,Engineering;Computer Science
65,Clemson University,Research,3.65-4.00,1240-1400,27-32,Yes,No,70,0.51,31000,No,Yes,Calhoun Honors,Engineering;Business
66,Fordham University,Research,3.60-4.00,1230-1410,28-32,Yes,No,70,0.46,39000,No,Yes,Gabelli Business,Business;Liberal Arts
67,University of Minnesota,Research,3.55-4.00,1240-1440,26-31,No,Yes,55,0.57,31000,No,Yes,CSE Honors,Engineering;Science
68,Texas A&M University,Research,3.55-4.00,1180-1390,26-31,No,Yes,75,0.63,30000,No,Yes,Engineering Academy,Engineering;Agriculture
69,Stevens Institute of Technology,Research,3.65-4.00,1280-1450,29-33,Yes,No,70,0.4,39000,No,Yes,Co-op Program,Engineering;Business
70,Virginia Tech,Research,3.65-4.00,1180-1390,25-31,No,Yes,60,0.7,31000,No,Yes,Corps of Cadets,Engineering;Technology
71,American University,Research,3.55-4.00,1210-1390,27-31,Yes,No,70,0.36,38000,No,Yes,Politics Program,International Relations
72,Baylor University,Research,3.55-4.00,1200-1380,26-31,Yes,No,60,0.45,38000,No,Yes,Business Fellows,Business;Sciences
73,Indiana University,Research,3.55-4.00,1150-1360,24-31,No,Yes,65,0.78,32000,No,Yes,Kelley Direct,Business;Music
74,Marquette University,Research,3.50-4.00,1160-1320,25-30,Yes,No,60,0.83,33000,No,Yes,Direct Entry Nursing,Nursing;Business
75,Miami University-Oxford,Research,3.55-4.00,1190-1380,25-30,No,Yes,50,0.8,30000,No,Yes,Farmer School,Business;Education
76,University of Delaware,Research,3.55-4.00,1170-1350,25-30,No,Yes,75,0.71,31000,No,Yes,World Scholars,Engineering;Business
77,University of Iowa,Research,3.50-4.00,1130-1340,23-29,No,Yes,40,0.83,29000,No,Yes,Writing Programs,Writing;Healthcare
78,Clark University,Research,3.55-4.00,1200-1380,27-31,Yes,No,60,0.62,35000,No,Yes,Accelerated BA/MS,Psychology;Geography
79,Michigan State University,Research,3.50-4.00,1100-1320,23-29,No,Yes,65,0.76,30000,No,Yes,RISE Program,Business;Agriculture
80,Texas Christian University,Research,3.50-4.00,1150-1340,25-31,Yes,No,50,0.47,36000,No,Yes,Neeley Fellows,Business;Nursing
81,UC Irvine,Research,3.60-4.00,1230-1430,27-33,No,No,70,0.29,35000,No,No,CHP Program,Research;Healthcare
82,University of Denver,Research,3.50-4.00,1180-1350,26-31,Yes,No,65,0.59,35000,No,Yes,Pioneer Leadership,Business;International Studies
83,University of San Diego,Research,3.55-4.00,1190-1370,26-31,Yes,No,55,0.49,37000,No,Yes,Honors Program,Business;Engineering
84,Yeshiva University,Research,3.50-4.00,1160-1380,24-30,Yes,No,65,0.55,35000,No,Yes,Jewish Studies,Liberal Arts;Sciences
85,Creighton University,Research,3.50-4.00,1150-1350,24-30,Yes,No,40,0.74,33000,No,Yes,Pre-Professional,Healthcare;Business
86,Loyola Marymount University,Research,3.55-4.00,1200-1380,27-31,Yes,No,60,0.44,36000,No,Yes,Film Program,Film;Business
87,University of Kansas,Research,3.45-4.00,1120-1320,23-29,No,Yes,65,0.91,28000,No,Yes,KU Scholars,Engineering;Journalism
88,University of New Hampshire,Research,3.45-4.00,1090-1280,23-28,No,Yes,50,0.85,29000,No,Yes,EcoQuest,Environmental;Engineering
89,University of Oregon,Research,3.45-4.00,1100-1310,22-28,No,Yes,65,0.82,28000,No,Yes,Clark Honors,Journalism;Business
90,University of South Carolina,Research,3.50-4.00,1180-1350,25-30,No,Yes,65,0.68,31000,No,Yes,Capstone,International Business
91,University of Vermont,Research,3.50-4.00,1180-1360,26-31,No,Yes,55,0.71,30000,No,Yes,Green Programs,Environmental;Medicine
92,Gonzaga University,Research,3.50-4.00,1200-1360,25-30,Yes,No,50,0.62,34000,No,Yes,Hogan Program,Business;Engineering
93,Illinois Institute of Technology,Research,3.55-4.00,1190-1400,25-31,No,Yes,60,0.58,35000,No,Yes,IPRO,Engineering;Architecture
94,Loyola University Chicago,Research,3.50-4.00,1130-1320,24-30,Yes,No,60,0.67,34000,No,Yes,Interdisciplinary Honors,Healthcare;Business
95,University at Buffalo-SUNY,Research,3.45-4.00,1160-1340,24-29,No,Yes,50,0.67,29000,No,Yes,Honors College,Engineering;Medicine
96,University of Oklahoma,Research,3.45-4.00,1110-1310,23-29,No,Yes,40,0.8,28000,No,Yes,National Merit,Engineering;Energy
97,University of San Francisco,Research,3.45-4.00,1130-1330,23-29,Yes,No,70,0.64,35000,No,Yes,Ignatius Institute,Nursing;Business
98,University of St. Thomas,Research,3.45-4.00,1160-1350,24-30,Yes,No,50,0.82,32000,No,Yes,Catholic Studies,Business;Engineering
99,University of Tennessee,Research,3.50-4.00,1150-1330,24-30,No,Yes,50,0.78,29000,No,Yes,Haslam Scholars,Engineering;Business
100,University of Utah,Research,3.45-4.00,1130-1350,23-29,No,Yes,55,0.79,28000,No,Yes,Honors College,Computer Science;Health
101,Arizona State University,Research,3.40-4.00,1130-1340,23-29,No,Yes,70,0.88,27000,No,Yes,Barrett Honors,Innovation;Engineering
102,Auburn University,Research,3.45-4.00,1150-1320,24-30,No,Yes,50,0.81,28000,No,Yes,Honors College,Engineering;Business
103,UC Santa Cruz,Research,3.50-4.00,1190-1380,26-31,No,No,70,0.51,32000,No,No,College System,Research;Environmental
104,University of Missouri,Research,3.45-4.00,1120-1320,23-29,No,Yes,55,0.81,27000,No,Yes,Journalism School,Journalism;Agriculture
105,University of Nebraska,Research,3.40-4.00,1110-1310,22-28,No,Yes,45,0.78,26000,No,Yes,Raikes Program,Business;Agriculture
106,University of Tulsa,Research,3.45-4.00,1150-1360,25-31,Yes,No,50,0.69,32000,No,Yes,Energy Programs,Engineering;Business
107,Saint Louis University,Research,3.45-4.00,1170-1380,25-31,Yes,No,55,0.58,33000,No,Yes,Medical Scholars,Healthcare;Business
108,Temple University,Research,3.40-4.00,1100-1320,23-29,No,Yes,55,0.6,29000,No,Yes,Honors Program,Business;Media
109,University of Arizona,Research,3.40-4.00,1110-1350,23-29,No,Yes,50,0.85,27000,No,Yes,Honors College,Science;Healthcare
110,UC Riverside,Research,3.45-4.00,1130-1330,24-30,No,No,70,0.57,31000,No,No,Medical Scholars,Research;Agriculture
111,University of Colorado Boulder,Research,3.45-4.00,1140-1350,24-30,No,Yes,65,0.78,28000,No,Yes,Engineering Plus,Engineering;Business
112,University of Mississippi,Research,3.40-4.00,1090-1290,22-28,No,Yes,40,0.88,26000,No,Yes,Croft Institute,Business;Pharmacy
113,Rochester Institute of Technology,Research,3.50-4.00,1220-1410,27-32,Yes,No,65,0.71,33000,No,Yes,Co-op Programs,Technology;Design
114,San Diego State University,Research,3.40-4.00,1110-1310,23-29,No,No,55,0.34,29000,No,Yes,Weber Honors,Business;Engineering
115,University of Arkansas,Research,3.40-4.00,1100-1290,23-28,No,Yes,40,0.77,27000,No,Yes,Honors College,Business;Agriculture
116,Iowa State University,Research,3.35-4.00,1080-1320,22-28,No,Yes,40,0.92,26000,No,Yes,Learning Communities,Engineering;Agriculture
117,University of South Florida,Research,3.40-4.00,1160-1330,25-30,No,Yes,30,0.49,28000,No,Yes,Judy Genshaft Honors,Healthcare;Business
118,Michigan Technological University,Research,3.45-4.00,1170-1360,25-31,No,Yes,55,0.74,29000,No,Yes,Enterprise Program,Engineering;Technology
119,University of Alabama,Research,3.40-4.00,1080-1300,23-29,No,Yes,40,0.83,27000,No,Yes,Presidential Scholars,Business;Engineering
120,University of Kentucky,Research,3.35-4.00,1070-1290,22-28,No,Yes,50,0.96,26000,No,Yes,Lewis Honors,Healthcare;Engineering
121,Kansas State University,Research,3.35-4.00,1080-1280,22-28,No,Yes,40,0.95,25000,No,Yes,Agriculture Programs,Agriculture;Engineering
122,Louisiana State University,Research,3.35-4.00,1060-1290,22-28,No,Yes,50,0.75,26000,No,Yes,Honors College,Engineering;Business
123,University of Cincinnati,Research,3.40-4.00,1140-1330,24-29,Yes,No,50,0.77,27000,No,Yes,Co-op 2.0,Engineering;Design
124,University of Texas-Dallas,Research,3.45-4.00,1240-1460,27-33,No,Yes,50,0.79,28000,No,Yes,AES Program,Technology;Business
125,Drexel University,Research,3.45-4.00,1190-1390,25-31,Yes,No,50,0.75,31000,No,Yes,Co-op Programs,Engineering;Business
126,Oregon State University,Research,3.35-4.00,1080-1310,22-28,No,Yes,65,0.82,27000,No,Yes,Honors College,Engineering;Environmental
127,University of Alabama-Birmingham,Research,3.35-4.00,1090-1300,22-28,No,Yes,40,0.81,26000,No,Yes,Science & Tech Honors,Healthcare;Research
128,George Mason University,Research,3.40-4.00,1110-1320,24-30,No,Yes,70,0.87,27000,No,Yes,Honors College,Policy;Technology
129,Oklahoma State University,Research,3.35-4.00,1060-1280,22-28,No,Yes,40,0.7,25000,No,Yes,CEAT Programs,Engineering;Agriculture
130,Colorado State University,Research,3.35-4.00,1070-1290,23-28,No,Yes,50,0.81,26000,No,Yes,Key Communities,Environmental;Agriculture
131,DePaul University,Research,3.35-4.00,1080-1290,23-29,No,Yes,65,0.68,29000,No,Yes,Theater School,Arts;Business
132,Hofstra University,Research,3.35-4.00,1160-1340,24-30,Yes,No,70,0.68,31000,No,Yes,Honors College,Business;Communications
133,Washington State University,Research,3.30-4.00,1050-1260,21-27,No,Yes,50,0.76,26000,No,Yes,Honors College,Agriculture;Engineering
134,University of Idaho,Research,3.30-4.00,1040-1250,21-27,No,Yes,60,0.78,24000,No,Yes,WWAMI Program,Engineering;Agriculture
135,University of Louisville,Research,3.35-4.00,1070-1290,22-28,No,Yes,50,0.69,26000,No,Yes,Brown Fellows,Healthcare;Engineering
136,University of New Mexico,Research,3.30-4.00,1040-1240,21-27,No,Yes,50,0.49,25000,No,Yes,BA/MD Program,Healthcare;Engineering
137,University of Rhode Island,Research,3.35-4.00,1090-1280,22-28,No,Yes,65,0.75,27000,No,Yes,Honors Program,Ocean;Pharmacy
138,Rutgers University-Newark,Research,3.35-4.00,1040-1220,21-27,No,Yes,70,0.74,28000,No,Yes,Honors Living,Business;Criminal Justice
139,University of Central Florida,Research,3.40-4.00,1160-1340,25-30,No,Yes,30,0.44,27000,No,Yes,Burnett Honors,Technology;Hospitality
140,Missouri University of S&T,Research,3.45-4.00,1180-1380,26-31,No,Yes,50,0.84,27000,No,Yes,Engineering Programs,Engineering;Technology
141,Virginia Commonwealth University,Research,3.35-4.00,1070-1260,22-28,No,Yes,65,0.87,26000,No,Yes,Guaranteed Admission,Arts;Healthcare
142,Seton Hall University,Research,3.35-4.00,1150-1330,24-29,Yes,No,55,0.74,30000,No,Yes,Internship Programs,Business;Healthcare
143,University of Wyoming,Research,3.30-4.00,1060-1280,22-28,No,Yes,40,0.96,24000,No,Yes,Honors Program,Engineering;Energy
144,Clarkson University,Research,3.40-4.00,1160-1350,25-30,Yes,No,50,0.75,32000,No,Yes,Honors Program,Engineering;Business
145,New Jersey Institute of Tech,Research,3.40-4.00,1190-1390,25-31,No,Yes,75,0.73,29000,No,Yes,Albert Dorman Honors,Engineering;Technology
146,Texas Tech University,Research,3.35-4.00,1070-1260,22-27,No,Yes,75,0.69,26000,No,Yes,Honors College,Engineering;Agriculture
147,University of Hawaii-Manoa,Research,3.35-4.00,1070-1270,22-27,No,Yes,70,0.58,27000,No,Yes,Honors Program,Ocean;Environmental
148,University of South Dakota,Research,3.30-4.00,1050-1260,21-27,No,Yes,35,0.86,24000,No,Yes,Medical Biology,Healthcare;Business
149,Ball State University,Research,3.30-4.00,1080-1270,21-26,No,Yes,55,0.77,25000,No,Yes,Immersive Learning,Education;Architecture
150,Ohio University,Research,3.30-4.00,1050-1250,21-26,No,Yes,50,0.82,24000,No,Yes,Honors Tutorial,Communications;Business
151,University of Maine,Research,3.30-4.00,1050-1250,21-27,No,Yes,40,0.92,24000,No,Yes,Honors College,Engineering;Environmental
152,University of Nevada-Reno,Research,3.30-4.00,1060-1260,21-27,No,Yes,60,0.87,25000,No,Yes,Honors Program,Mining;Engineering
153,Duquesne University,Research,3.35-4.00,1130-1300,23-29,Yes,No,50,0.74,29000,No,Yes,Pharmacy Program,Pharmacy;Business
154,Florida International Univ,Research,3.35-4.00,1110-1280,23-28,No,Yes,30,0.58,25000,No,Yes,Honors College,Business;Engineering
155,University of North Dakota,Research,3.30-4.00,1050-1250,21-26,No,Yes,35,0.81,24000,No,Yes,Aerospace Program,Aviation;Engineering
156,South Dakota State Univ,Research,3.25-4.00,1030-1240,20-26,No,Yes,35,0.89,23000,No,Yes,Fishback Honors,Agriculture;Pharmacy
157,University of Montana,Research,3.30-4.00,1040-1230,20-26,No,Yes,30,0.94,23000,No,Yes,Davidson Honors,Environmental;Forestry
158,West Virginia University,Research,3.30-4.00,1050-1240,21-27,No,Yes,60,0.84,24000,No,Yes,Honors College,Engineering;Business
159,Montana State University,Research,3.30-4.00,1090-1280,22-27,No,Yes,38,0.82,24000,No,Yes,Engineering Programs,Engineering;Agriculture
160,North Dakota State Univ,Research,3.25-4.00,1040-1250,21-26,No,Yes,35,0.94,23000,No,Yes,Scholars Program,Agriculture;Engineering
161,University of Dayton,Research,3.35-4.00,1120-1320,24-29,Yes,No,50,0.72,31000,No,Yes,Honors Program,Engineering;Business
162,Utah State University,Research,3.30-4.00,1050-1270,21-27,No,Yes,50,0.91,24000,No,Yes,Honors Program,Agriculture;Engineering
163,Bowling Green State Univ,Research,3.25-4.00,1040-1240,20-26,No,Yes,45,0.72,24000,No,Yes,Honors Learning,Education;Arts
164,Central Michigan University,Research,3.25-4.00,1020-1220,20-25,No,Yes,40,0.7,23000,No,Yes,Leadership Programs,Business;Health
165,Northern Illinois University,Research,3.25-4.00,1010-1210,19-25,No,Yes,40,0.48,23000,No,Yes,Business Programs,Business;Engineering
166,San Jose State University,Research,3.30-4.00,1050-1260,21-27,No,No,70,0.67,26000,No,Yes,Engineering Programs,Engineering;Business
167,Univ of Wisconsin-Milwaukee,Research,3.25-4.00,1030-1230,20-25,No,Yes,50,0.95,23000,No,Yes,Research Opportunities,Architecture;Business
168,Western Michigan University,Research,3.25-4.00,1020-1220,20-26,No,Yes,40,0.85,24000,No,Yes,Lee Honors;Aviation,Aviation;Business
169,UNC Charlotte,Research,3.30-4.00,1120-1290,22-27,No,Yes,60,0.65,25000,No,Yes,Levine Scholars,Business;Computing
170,UT Arlington,Research,3.30-4.00,1040-1250,20-26,No,Yes,60,0.83,24000,No,Yes,Honors College,Nursing;Engineering
171,Adelphi University,Research,3.30-4.00,1080-1270,22-27,Yes,No,50,0.74,28000,No,Yes,Honors College,Nursing;Business
172,UMass Lowell,Research,3.35-4.00,1150-1320,24-29,No,Yes,60,0.73,26000,No,Yes,Honors College,Engineering;Business
173,University of South Alabama,Research,3.25-4.00,1030-1230,20-26,No,Yes,35,0.79,23000,No,Yes,Honors College,Healthcare;Engineering
174,Kent State University,Research,3.25-4.00,1020-1220,20-25,No,Yes,45,0.86,23000,No,Yes,Honors College,Fashion;Education
175,Northern Arizona University,Research,3.25-4.00,1030-1230,20-26,No,Yes,25,0.85,23000,No,Yes,Outdoor Programs,Education;Forestry
176,Oakland University,Research,3.25-4.00,1020-1220,20-25,No,Yes,45,0.83,23000,No,Yes,Honors College,Engineering;Healthcare
177,Old Dominion University,Research,3.25-4.00,1030-1230,19-25,No,Yes,50,0.89,24000,No,Yes,Honors College,Engineering;Business
178,Portland State University,Research,3.25-4.00,1020-1220,19-25,No,Yes,50,0.96,23000,No,Yes,Urban Studies,Urban Studies;Business
179,University of Houston,Research,3.30-4.00,1120-1310,22-28,No,Yes,75,0.65,25000,No,Yes,Honors College,Engineering;Business
180,UNC Greensboro,Research,3.25-4.00,1030-1220,20-25,No,Yes,65,0.82,23000,No,Yes,Lloyd International,Nursing;Business
181,University of Northern Iowa,Research,3.25-4.00,1020-1220,20-25,No,Yes,40,0.83,23000,No,Yes,Honors Program,Education;Business
182,Wright State University,Research,3.25-4.00,1020-1220,19-25,No,Yes,30,0.95,22000,No,Yes,Film Programs,Medicine;Engineering
183,Cleveland State University,Research,3.25-4.00,1020-1220,19-25,No,Yes,40,0.94,22000,No,Yes,Honors Program,Business;Engineering
184,East Carolina University,Research,3.25-4.00,1030-1220,19-25,No,Yes,55,0.79,23000,No,Yes,Study Abroad,Medicine;Business
185,Southern Illinois Univ,Research,3.20-4.00,1010-1210,19-24,No,Yes,40,0.89,22000,No,Yes,Aviation Program,Aviation;Engineering
186,Univ of Missouri-Kansas City,Research,3.25-4.00,1030-1230,20-26,No,Yes,45,0.8,23000,No,Yes,Research Programs,Medicine;Arts
187,University of New Orleans,Research,3.20-4.00,1010-1210,19-24,No,Yes,40,0.57,22000,No,Yes,Honors Program,Engineering;Business
188,UNC Wilmington,Research,3.30-4.00,1130-1280,22-27,No,Yes,65,0.65,24000,No,Yes,Honors College,Marine Biology;Business
189,Univ of Southern Mississippi,Research,3.20-4.00,1010-1210,19-24,No,Yes,40,0.98,22000,No,Yes,Polymer Science,Polymer Science;Business
190,University of Toledo,Research,3.25-4.00,1020-1220,20-25,No,Yes,40,0.96,22000,No,Yes,Health Programs,Engineering;Pharmacy
191,Wayne State University,Research,3.25-4.00,1020-1230,20-26,No,Yes,45,0.67,23000,No,Yes,Honors College,Medicine;Business
192,Western Kentucky University,Research,3.20-4.00,1010-1210,19-24,No,Yes,40,0.97,22000,No,Yes,Study Abroad,Education;Business
193,Wichita State University,Research,3.20-4.00,1010-1210,19-24,No,Yes,40,0.95,22000,No,Yes,Honors College,Aerospace;Business
194,Marshall University,Research,3.20-4.00,1000-1200,19-24,No,Yes,40,0.98,21000,No,Yes,Medical Programs,Medicine;Business
195,UMass Dartmouth,Research,3.25-4.00,1040-1240,21-26,No,Yes,50,0.76,23000,No,Yes,Honors College,Engineering;Marine
196,University of Memphis,Research,3.20-4.00,1010-1210,19-24,No,Yes,25,0.85,22000,No,Yes,Helen Hardin Honors,Business;Education
197,University of Nebraska-Omaha,Research,3.20-4.00,1010-1210,19-24,No,Yes,45,0.83,22000,No,Yes,Honors Program,IT;Business
198,UT El Paso,Research,3.20-4.00,1000-1200,19-24,No,Yes,50,1,21000,No,Yes,Honors Program,Engineering;Health
199,UT San Antonio,Research,3.25-4.00,1030-1220,20-25,No,Yes,60,0.79,22000,No,Yes,Honors College,Cyber Security;Business
200,Texas State University,Research,3.25-4.00,1020-1220,20-25,No,Yes,75,0.81,22000,No,Yes,Creative Arts,Education;Business
201,Biola University,Research,3.4-4.0,1150-1380,24-30,No,Yes,45,0.70,28000,No,Yes,Talent Scholarships,Arts;Nursing,58000
202,University of the Pacific,Research,3.4-4.0,1130-1360,23-30,No,Yes,55,0.71,32000,No,Yes,Accelerated Programs,Healthcare;Business,65000
203,Illinois State University,Research,3.1-3.6,1020-1220,23-28,No,Yes,50,0.82,18000,No,Yes,Study Abroad,Education;Business,45000
204,Andrews University,Research,3.3-4.0,1050-1280,21-28,No,Yes,30,0.67,24000,No,Yes,Honors College,STEM;Architecture,55000
205,Ball State University,Research,3.30-4.00,1080-1270,21-26,No,Yes,55,0.77,25000,No,Yes,Immersive Learning,Education;Architecture,46000
206,Bowling Green State Univ,Research,3.25-4.00,1040-1240,20-26,No,Yes,45,0.72,24000,No,Yes,Honors Learning,Education;Arts,44000
207,Central Michigan University,Research,3.25-4.00,1020-1220,20-25,No,Yes,40,0.7,23000,No,Yes,Leadership Programs,Business;Health,42000
208,East Carolina University,Research,3.25-4.00,1030-1220,19-25,No,Yes,55,0.79,23000,No,Yes,Study Abroad,Medicine;Business,41000
209,UMBC,Research,3.5-4.0,1220-1410,26-32,No,Yes,75,0.81,25000,No,Yes,Meyerhoff Scholars,STEM;IT,48000
210,Kent State University,Research,3.25-4.00,1020-1220,20-25,No,Yes,45,0.86,23000,No,Yes,Honors College,Fashion;Education,43000
211,Old Dominion University,Research,3.25-4.00,1030-1230,19-25,No,Yes,50,0.89,24000,No,Yes,Honors College,Engineering;Business,42000
212,San Jose State University,Research,3.30-4.00,1050-1260,21-27,No,No,70,0.67,26000,No,Yes,Engineering Programs,Engineering;Business,45000
213,UMass Dartmouth,Research,3.0-3.5,1000-1200,22-28,No,Yes,60,0.76,19500,No,Yes,Research Opportunities,Engineering;Marine,46000
214,CSU Fresno,Research,3.0-3.5,980-1180,21-27,No,Yes,55,0.78,18000,No,Yes,Agriculture Program,Agriculture;Business
216,UNC Charlotte,Research,3.1-3.6,1020-1220,23-28,No,Yes,60,0.75,18500,No,Yes,Honors College,Business;Engineering
219,Florida Atlantic University,Research,3.1-3.6,1010-1210,22-28,No,Yes,50,0.77,18000,No,Yes,Ocean Engineering,Marine Science;Business
220,Georgia Southern University,Research,3.0-3.5,990-1190,21-27,No,Yes,50,0.79,17500,No,Yes,Study Abroad,Engineering;Business
221,CSU Fullerton,Research,3.1-3.6,1000-1200,22-28,No,Yes,55,0.76,17000,No,Yes,Arts Programs,Business;Arts
222,Univ of Central Arkansas,Research,2.9-3.4,980-1180,21-27,No,Yes,45,0.82,16500,No,Yes,Health Programs,Health Science;Education
227,Idaho State University,Research,2.9-3.4,970-1170,20-26,No,Yes,45,0.85,16500,No,Yes,Research Programs,Health Science;Engineering
228,University of North Florida,Research,3.0-3.5,1000-1200,22-28,No,Yes,50,0.78,17500,No,Yes,Coastal Biology,Business;Biology
229,CSU Northridge,Research,3.0-3.5,990-1190,21-27,No,Yes,55,0.77,17000,No,Yes,Film Programs,Arts;Business
230,Univ of Southern Maine,Research,2.9-3.4,980-1180,21-27,No,Yes,45,0.83,18000,No,Yes,Arts Programs,Marine Science;Arts
231,Arkansas State University,Research,2.9-3.4,970-1170,20-26,No,Yes,50,0.8,17500,No,Yes,Agriculture Programs,Agriculture;Business
232,CSU Long Beach,Research,3.1-3.6,1000-1200,22-28,No,Yes,55,0.75,18000,No,Yes,Arts Programs,Engineering;Arts
233,UT Arlington,Research,3.0-3.5,990-1190,21-27,No,Yes,60,0.77,19000,No,Yes,Nursing Programs,Engineering;Nursing
234,Univ of Nebraska-Omaha,Research,2.9-3.4,980-1180,21-27,No,Yes,45,0.82,16500,No,Yes,IT Programs,IT;Business
236,CSU Sacramento,Research,3.0-3.5,980-1180,21-27,No,Yes,55,0.76,17500,No,Yes,Government Programs,Government;Criminal Justice
238,Sam Houston State Univ,Research,2.9-3.4,980-1180,21-27,No,Yes,50,0.81,17000,No,Yes,Criminal Justice,Criminal Justice;Education
239,Univ of Wisconsin-Oshkosh,Research,2.9-3.4,970-1170,20-26,No,Yes,45,0.84,16500,No,Yes,Business Programs,Nursing;Business
240,Eastern Michigan University,Research,2.9-3.4,970-1170,20-26,No,Yes,45,0.82,17500,No,Yes,Education Programs,Education;Psychology
242,CSU San Marcos,Research,3.0-3.5,980-1180,21-27,No,Yes,55,0.77,17500,No,Yes,Nursing Programs,Nursing;Business
243,Univ of North Alabama,Research,2.8-3.3,960-1160,20-26,No,Yes,45,0.85,16000,No,Yes,Education Programs,Business;Education
244,Kennesaw State University,Research,3.0-3.5,990-1190,21-27,No,Yes,50,0.78,17500,No,Yes,Engineering Programs,Engineering;Business
245,Univ of Central Oklahoma,Research,2.9-3.4,970-1170,20-26,No,Yes,45,0.84,16500,No,Yes,Fine Arts Programs,Education;Fine Arts
246,CSU East Bay,Research,2.9-3.4,970-1170,20-26,No,Yes,55,0.76,17000,No,Yes,Health Sciences,Business;Health Science
247,Western Illinois University,Research,2.8-3.3,960-1160,20-26,No,Yes,45,0.83,16000,No,Yes,Law Enforcement,Criminal Justice;Education
248,Southeast Missouri State,Research,2.8-3.3,960-1160,20-26,No,Yes,45,0.85,16500,No,Yes,Education Programs,Business;Education
249,CSU San Bernardino,Research,2.9-3.4,970-1170,20-26,No,Yes,55,0.78,17500,No,Yes,Criminal Justice,Business;Criminal Justice
250,Univ of Louisiana-Lafayette,Research,2.9-3.4,970-1170,20-26,No,Yes,50,0.81,17000,No,Yes,Engineering Programs,Engineering;Computer Science
251,Utah Valley University,Research,2.8-3.3,960-1160,20-26,No,Yes,45,0.84,16000,No,Yes,Technology Programs,Business;Technology
252,Univ of Southern Indiana,Research,2.8-3.3,960-1160,20-26,No,Yes,45,0.85,16500,No,Yes,Nursing Programs,Nursing;Business
253,Southern Utah University,Research,2.9-3.4,970-1170,20-26,No,Yes,50,0.82,17000,No,Yes,Outdoor Recreation,Education;Outdoor Leadership
254,Missouri State University,Research,3.0-3.5,980-1180,21-27,No,Yes,50,0.8,17500,No,Yes,Education Programs,Business;Education
255,CSU Dominguez Hills,Research,2.8-3.3,960-1160,20-26,No,Yes,55,0.77,17000,No,Yes,Health Sciences,Business;Health Science
256,University of West Florida,Research,3.0-3.5,980-1180,21-27,No,Yes,50,0.79,17500,No,Yes,Marine Science,Marine Science;Business
257,Stephen F. Austin State,Research,2.8-3.3,960-1160,20-26,No,Yes,45,0.83,16500,No,Yes,Forestry Programs,Forestry;Education
258,Weber State University,Research,2.8-3.3,960-1160,20-26,No,Yes,45,0.84,16000,No,Yes,Technology Programs,Healthcare;Technology
259,CSU Stanislaus,Research,2.9-3.4,970-1170,20-26,No,Yes,55,0.78,17500,No,Yes,Education Programs,Business;Education
260,Univ of Tennessee-Chatt.,Research,3.0-3.5,980-1180,21-27,No,Yes,50,0.79,18000,No,Yes,Engineering Programs,Engineering;Business
261,Youngstown State Univ,Research,2.8-3.3,960-1160,20-26,No,Yes,45,0.85,16000,No,Yes,Engineering Programs,Engineering;Business
262,CSU Channel Islands,Research,2.9-3.4,970-1170,20-26,No,Yes,55,0.77,17500,No,Yes,Environmental Sci,Environmental Science;Business
263,Univ of Arkansas-Little Rock,Research,2.8-3.3,960-1160,20-26,No,Yes,45,0.84,16500,No,Yes,Criminal Justice,Criminal Justice;Business
264,IUP Pennsylvania,Research,2.8-3.3,960-1160,20-26,No,Yes,45,0.83,17000,No,Yes,Safety Sciences,Education;Safety Management
265,Univ of Northern Colorado,Research,2.9-3.4,970-1170,20-26,No,Yes,50,0.81,17500,No,Yes,Performing Arts,Education;Arts
266,Austin Peay State Univ,Research,2.8-3.3,960-1160,20-26,No,Yes,45,0.85,16000,No,Yes,Health Sciences,Education;Health Science
267,CSU Bakersfield,Research,2.9-3.4,970-1170,20-26,No,Yes,55,0.78,17000,No,Yes,Engineering Programs,Business;Engineering
268,Univ of Alaska Anchorage,Research,2.8-3.3,960-1160,20-26,No,Yes,45,0.84,16500,No,Yes,Environmental Studies,Environmental Science;Aviation
269,University of West Georgia,Research,2.9-3.4,970-1170,20-26,No,Yes,50,0.82,17000,No,Yes,Nursing Programs,Education;Nursing
270,Morehead State University,Research,2.8-3.3,960-1160,20-26,No,Yes,45,0.85,16000,No,Yes,Space Science,Space Science;Education
271,CSU Monterey Bay,Research,2.9-3.4,970-1170,20-26,No,Yes,55,0.77,17500,No,Yes,Marine Science,Marine Science;Business
272,Univ of Wisconsin-Green Bay,Research,2.8-3.3,960-1160,20-26,No,Yes,45,0.84,16500,No,Yes,Environmental Programs,Environmental Science;Business
273,Nicholls State University,Research,2.8-3.3,960-1160,20-26,No,Yes,45,0.85,16000,No,Yes,Culinary Programs,Culinary Arts;Business
274,Tarleton State University,Research,2.8-3.3,960-1160,20-26,No,Yes,50,0.83,16500,No,Yes,Agriculture Programs,Agriculture;Education
275,Univ of Nebraska-Kearney,Research,2.8-3.3,960-1160,20-26,No,Yes,45,0.84,16000,No,Yes,Business Programs,Education;Business
276,Moorhead State University,Research,2.8-3.3,960-1160,20-26,No,Yes,45,0.85,16500,No,Yes,Business Programs,Education;Business
277,Humboldt State University,Research,2.9-3.4,970-1170,20-26,No,Yes,55,0.78,17000,No,Yes,Forestry Programs,Environmental Science;Forestry
278,Eastern Illinois University,Research,2.8-3.3,960-1160,20-26,No,Yes,45,0.84,16000,No,Yes,Business Programs,Education;Business
279,Univ of Michigan-Dearborn,Research,3.0-3.5,980-1180,21-27,No,Yes,50,0.79,18000,No,Yes,Engineering Programs,Engineering;Business
280,Sonoma State University,Research,2.9-3.4,970-1170,20-26,No,Yes,55,0.78,17500,No,Yes,Wine Business,Business;Environmental Science
281,Columbus State University,Research,2.8-3.3,960-1160,20-26,No,Yes,45,0.85,16000,No,Yes,Computer Science,Education;Computer Science
282,Univ of Wisconsin-Stevens Pt,Research,2.8-3.3,960-1160,20-26,No,Yes,45,0.84,16500,No,Yes,Natural Resources,Natural Resources;Education
283,Northwest Missouri State,Research,2.8-3.3,960-1160,20-26,No,Yes,45,0.85,16000,No,Yes,Agriculture Programs,Agriculture;Business
284,Univ of Central Missouri,Research,2.9-3.4,970-1170,20-26,No,Yes,50,0.82,17000,No,Yes,Aviation Programs,Aviation;Criminal Justice
285,Western Connecticut State,Research,2.8-3.3,960-1160,20-26,No,Yes,45,0.84,16500,No,Yes,Music Programs,Music;Business
286,Southern Oregon University,Research,2.8-3.3,960-1160,20-26,No,Yes,45,0.85,16000,No,Yes,Theater Programs,Theater;Environmental Science
288,Henderson State University,Research,2.8-3.3,960-1160,20-26,No,Yes,45,0.85,16000,No,Yes,Business Programs,Education;Business
289,CSU Los Angeles,Research,2.9-3.4,970-1170,20-26,No,Yes,55,0.77,17500,No,Yes,Engineering Programs,Business;Engineering
290,Washburn University,Research,2.8-3.3,960-1160,20-26,No,Yes,45,0.84,16000,No,Yes,Law Programs,Legal Studies;Business
291,Western Oregon University,Research,2.8-3.3,960-1160,20-26,No,Yes,45,0.85,16500,No,Yes,Criminal Justice,Education;Criminal Justice
292,Northern Michigan Univ,Research,2.8-3.3,960-1160,20-26,No,Yes,45,0.84,16000,No,Yes,Outdoor Leadership,Outdoor Leadership;Business
293,Bridgewater State Univ,Research,2.8-3.3,960-1160,20-26,No,Yes,45,0.85,16500,No,Yes,Criminal Justice,Education;Criminal Justice
294,Missouri Southern State,Research,2.8-3.3,960-1160,20-26,No,Yes,45,0.84,16000,No,Yes,Criminal Justice,Health Science;Criminal Justice
295,USC Upstate,Research,2.9-3.4,970-1170,20-26,No,Yes,50,0.82,17000,No,Yes,Nursing Programs,Nursing;Business
296,Framingham State Univ,Research,2.8-3.3,960-1160,20-26,No,Yes,45,0.84,16500,No,Yes,Food Science,Education;Food Science
297,Eastern Washington Univ,Research,2.9-3.4,970-1170,20-26,No,Yes,50,0.82,17000,No,Yes,Business Programs,Health Science;Business
298,Westfield State University,Research,2.8-3.3,960-1160,20-26,No,Yes,45,0.85,16000,No,Yes,Criminal Justice,Criminal Justice;Education
299,MSU Denver,Research,2.8-3.3,960-1160,20-26,No,Yes,45,0.84,16500,No,Yes,Aviation Programs,Aviation;Health Science
300,CSU San Francisco,Research,2.9-3.4,970-1170,20-26,No,Yes,55,0.78,17500,No,Yes,Health Sciences,Business;Health Science